country,region_city,latitude,longitude,population_group,sample_size,season_month,mean_25ohd_reported,units_reported,standardized_nmol_l,year_of_data,short_citation,full_citation,url,study_type,assay_method
UK,National (NDNS),53.0,-1.0,Adults 70+,492,September (peak),51,nmol/L,51.0,2008-2012,NDNS / PHE 2014,"Bates B et al. National Diet and Nutrition Survey: Results from Years 1 to 4 (combined) of the Rolling Programme 2008/2009-2011/12. Public Health England. 2014.",https://www.gov.uk/government/statistics/national-diet-and-nutrition-survey-2019-to-2023,National survey,CLIA
UK,National (NDNS),53.0,-1.0,Adults 70+,492,March (nadir),38,nmol/L,38.0,2008-2012,NDNS / PHE 2014,"Bates B et al. National Diet and Nutrition Survey: Results from Years 1 to 4 (combined) of the Rolling Programme 2008/2009-2011/12. Public Health England. 2014.",https://www.gov.uk/government/statistics/national-diet-and-nutrition-survey-2019-to-2023,National survey,CLIA
Canada,National (CHMS),56.0,-96.0,Adults 65-79,500,Summer,68,nmol/L,68.0,2007-2009,Whiting et al. 2011,"Whiting SJ, Langlois KA, Vatanparast H, Greene-Finestone LS. The vitamin D status of Canadians relative to the 2011 Dietary Reference Intakes. Am J Clin Nutr. 2011;94(1):128-135.",https://pubmed.ncbi.nlm.nih.gov/21593503/,National survey,CLIA
Canada,National (CHMS),56.0,-96.0,Adults 65-79,500,Winter,52,nmol/L,52.0,2007-2009,Whiting et al. 2011,"Whiting SJ, Langlois KA, Vatanparast H, Greene-Finestone LS. The vitamin D status of Canadians relative to the 2011 Dietary Reference Intakes. Am J Clin Nutr. 2011;94(1):128-135.",https://pubmed.ncbi.nlm.nih.gov/21593503/,National survey,CLIA
Germany,National (DEGS1),51.0,10.0,Adults 65-79,1500,Summer,58,nmol/L,58.0,2008-2011,Rabenberg et al. 2015,"Rabenberg M, Scheidt-Nave C, Busch MA, et al. Vitamin D status among adults in Germany - results from DEGS1. BMC Public Health. 2015;15:641.",https://pubmed.ncbi.nlm.nih.gov/26162848/,National survey,CLIA (VDSP)
Germany,National (DEGS1),51.0,10.0,Adults 65-79,1500,Winter,36,nmol/L,36.0,2008-2011,Rabenberg et al. 2015,"Rabenberg M, Scheidt-Nave C, Busch MA, et al. Vitamin D status among adults in Germany - results from DEGS1. BMC Public Health. 2015;15:641.",https://pubmed.ncbi.nlm.nih.gov/26162848/,National survey,CLIA (VDSP)
South Korea,National (KNHANES),37.0,127.0,Adults 60+,5000,Summer,50,nmol/L,50.0,2008-2014,Park et al. 2018,"Park JH, Hong IY, Chung JW, Choi HS. Vitamin D status in South Korean population: Seven-year trend from the KNHANES. Medicine. 2018;97(26):e11032.",https://pubmed.ncbi.nlm.nih.gov/29952935/,National survey,RIA
South Korea,National (KNHANES),37.0,127.0,Adults 60+,5000,Winter,42,nmol/L,42.0,2008-2014,Park et al. 2018,"Park JH, Hong IY, Chung JW, Choi HS. Vitamin D status in South Korean population: Seven-year trend from the KNHANES. Medicine. 2018;97(26):e11032.",https://pubmed.ncbi.nlm.nih.gov/29952935/,National survey,RIA
Japan,Niigata,38.0,139.0,Frail elderly at home,143,Summer,53.3,nmol/L,53.3,2003,Suzuki et al. 2005,"Suzuki T, Kwon J, Kim H, et al. Low serum 25-hydroxyvitamin D levels associated with falls among Japanese community-dwelling elderly. J Bone Miner Res. 2008;23(8):1309-1317; initial data: J Bone Miner Metab. 2005;23(2):147-154.",https://pubmed.ncbi.nlm.nih.gov/15750693/,Cross-sectional,RIA
Japan,Niigata,38.0,139.0,Frail elderly at home,120,Winter,54.2,nmol/L,54.2,2003,Suzuki et al. 2005,"Suzuki T, Kwon J, Kim H, et al. Low serum 25-hydroxyvitamin D levels associated with falls among Japanese community-dwelling elderly. J Bone Miner Res. 2008;23(8):1309-1317; initial data: J Bone Miner Metab. 2005;23(2):147-154.",https://pubmed.ncbi.nlm.nih.gov/15750693/,Cross-sectional,RIA
Saudi Arabia,Riyadh,24.7,46.7,Postmenopausal 50+,234,Summer,40,nmol/L,40.0,2009,Al-Othman et al. 2012,"Al-Othman A, Al-Musharaf S, Al-Daghri NM, et al. Year-round vitamin D deficiency among Saudi female out-patients. BMC Womens Health. 2012;12(Suppl 1):S2.",https://pubmed.ncbi.nlm.nih.gov/36380347/,Cross-sectional,HPLC
Saudi Arabia,Riyadh,24.7,46.7,Postmenopausal 50+,354,Winter,35,nmol/L,35.0,2009,Al-Othman et al. 2012,"Al-Othman A, Al-Musharaf S, Al-Daghri NM, et al. Year-round vitamin D deficiency among Saudi female out-patients. BMC Womens Health. 2012;12(Suppl 1):S2.",https://pubmed.ncbi.nlm.nih.gov/36380347/,Cross-sectional,HPLC
Australia,Geelong,-38.1,144.4,Older women,500,Summer,67,nmol/L,67.0,1994-1997,Pasco et al. 2001,"Pasco JA, Henry MJ, Nicholson GC, Sanders KM, Kotowicz MA. Vitamin D status of women in the Geelong Osteoporosis Study. Med J Aust. 2001;175(8):401-405.",https://pubmed.ncbi.nlm.nih.gov/11700831/,Population cohort,RIA
Australia,Geelong,-38.1,144.4,Older women,500,Winter,55,nmol/L,55.0,1994-1997,Pasco et al. 2001,"Pasco JA, Henry MJ, Nicholson GC, Sanders KM, Kotowicz MA. Vitamin D status of women in the Geelong Osteoporosis Study. Med J Aust. 2001;175(8):401-405.",https://pubmed.ncbi.nlm.nih.gov/11700831/,Population cohort,RIA
Brazil,Sao Paulo,-23.5,-46.6,Active elderly 65+,70,Late summer,62,nmol/L,62.0,2010,Maeda et al. 2013,"Maeda SS, Kunii IS, Hayashi LF, Lazaretti-Castro M. Increases in summer serum 25-hydroxyvitamin D (25OHD) concentrations in elderly subjects in Sao Paulo Brazil vary with age gender and ethnicity. BMC Endocr Disord. 2013;13:14.",https://pubmed.ncbi.nlm.nih.gov/23566263/,Longitudinal cohort,CLIA
Brazil,Sao Paulo,-23.5,-46.6,Active elderly 65+,70,Late winter,44,nmol/L,44.0,2010,Maeda et al. 2013,"Maeda SS, Kunii IS, Hayashi LF, Lazaretti-Castro M. Increases in summer serum 25-hydroxyvitamin D (25OHD) concentrations in elderly subjects in Sao Paulo Brazil vary with age gender and ethnicity. BMC Endocr Disord. 2013;13:14.",https://pubmed.ncbi.nlm.nih.gov/23566263/,Longitudinal cohort,CLIA
Netherlands,Amsterdam (LASA),52.4,4.9,Older adults 65-88,1300,Summer,65,nmol/L,65.0,1995-2012,van Schoor et al. 2014,"van Schoor NM, Knol DL, Deeg DJH, Peters FPAMN, Heijboer AC, Lips P. Longitudinal changes and predictors of serum 25(OH)D levels in older persons. Osteoporos Int. 2014;25(1):347-355.",https://pubmed.ncbi.nlm.nih.gov/24570295/,Prospective cohort,VDSP-standardised
Netherlands,Amsterdam (LASA),52.4,4.9,Older adults 65-88,1300,Winter,45,nmol/L,45.0,1995-2012,van Schoor et al. 2014,"van Schoor NM, Knol DL, Deeg DJH, Peters FPAMN, Heijboer AC, Lips P. Longitudinal changes and predictors of serum 25(OH)D levels in older persons. Osteoporos Int. 2014;25(1):347-355.",https://pubmed.ncbi.nlm.nih.gov/24570295/,Prospective cohort,VDSP-standardised
Netherlands,B-PROOF,52.4,4.9,Active elderly 65+,595,Summer,88.8,nmol/L,88.8,2014,Brouwer-Brolsma et al. 2018,"Brouwer-Brolsma EM, Vaes AMM, van der Zwaluw NL, et al. Determinants of vitamin D status in physically active elderly in the Netherlands. Eur J Nutr. 2019;58(8):3223-3235.",https://pubmed.ncbi.nlm.nih.gov/30523431/,Cohort,CLIA
Netherlands,B-PROOF,52.4,4.9,Active elderly 65+,595,Winter,55,nmol/L,55.0,2014,Brouwer-Brolsma et al. 2018,"Brouwer-Brolsma EM, Vaes AMM, van der Zwaluw NL, et al. Determinants of vitamin D status in physically active elderly in the Netherlands. Eur J Nutr. 2019;58(8):3223-3235.",https://pubmed.ncbi.nlm.nih.gov/30523431/,Cohort,CLIA
Norway,Tromso,69.7,19.0,Adults 65+,3000,Summer,65,nmol/L,65.0,2007-2008,Jorde et al. 2010,"Jorde R, Sneve M, Hutchinson M, et al. Tracking of serum 25-hydroxyvitamin D levels during 14 years in a population-based study. Am J Epidemiol. 2010;171(8):903-908.",https://pubmed.ncbi.nlm.nih.gov/20219763/,Population survey,CLIA
Norway,Tromso,69.7,19.0,Adults 65+,3000,Winter,52,nmol/L,52.0,2007-2008,Jorde et al. 2010,"Jorde R, Sneve M, Hutchinson M, et al. Tracking of serum 25-hydroxyvitamin D levels during 14 years in a population-based study. Am J Epidemiol. 2010;171(8):903-908.",https://pubmed.ncbi.nlm.nih.gov/20219763/,Population survey,CLIA
Argentina,Multi-latitude,-34.0,-58.5,Healthy elderly 65+,370,Summer,18,ng/mL,44.9,2000s,Oliveri et al. 2004,"Oliveri B, Plantalech L, Bagur A, et al. High prevalence of vitamin D insufficiency in healthy elderly people living at home in Argentina. Eur J Clin Nutr. 2004;58(2):337-342.",https://pubmed.ncbi.nlm.nih.gov/14749756/,Cross-sectional,RIA
Argentina,Multi-latitude,-34.0,-58.5,Healthy elderly 65+,370,Winter,12,ng/mL,29.9,2000s,Oliveri et al. 2004,"Oliveri B, Plantalech L, Bagur A, et al. High prevalence of vitamin D insufficiency in healthy elderly people living at home in Argentina. Eur J Clin Nutr. 2004;58(2):337-342.",https://pubmed.ncbi.nlm.nih.gov/14749756/,Cross-sectional,RIA
Chile,National Health Survey,-33.5,-70.7,Older adults 65+,1283,Summer,24,ng/mL,59.9,2016-2017,Lera et al. 2023,"Lera L, Marquez C, Angel B, Albala C. Social determinants of serum 25-hydroxyvitamin D concentrations deficiency in older Chilean people. Front Nutr. 2023;10:1235391.",https://pubmed.ncbi.nlm.nih.gov/37908241/,National survey,CLIA
Chile,National Health Survey,-33.5,-70.7,Older adults 65+,1283,Winter,18,ng/mL,44.9,2016-2017,Lera et al. 2023,"Lera L, Marquez C, Angel B, Albala C. Social determinants of serum 25-hydroxyvitamin D concentrations deficiency in older Chilean people. Front Nutr. 2023;10:1235391.",https://pubmed.ncbi.nlm.nih.gov/37908241/,National survey,CLIA
Spain,Multi-centre,40.0,-3.7,Adults 75+,3000,Summer,17.7,ng/mL,44.2,2018-2019,Mendes-Cunha et al. 2021,"Mendes-Cunha M, et al. Vitamin D deficiency in primary health care users at risk in Spain. Nutr Hosp. 2021;38(5):1058-1067.",https://pubmed.ncbi.nlm.nih.gov/33866793/,Retrospective,CLIA
Spain,Multi-centre,40.0,-3.7,Adults 75+,3000,Winter,14.5,ng/mL,36.2,2018-2019,Mendes-Cunha et al. 2021,"Mendes-Cunha M, et al. Vitamin D deficiency in primary health care users at risk in Spain. Nutr Hosp. 2021;38(5):1058-1067.",https://pubmed.ncbi.nlm.nih.gov/33866793/,Retrospective,CLIA
New Zealand,Aged-care,-41.0,174.0,Aged-care residents,588,Spring,70,nmol/L,70.0,2014,Wham et al. 2023,"Wham C, Gearry R, Youssef M, et al. Vitamin D status and its predictors in New Zealand aged-care residents eligible for a government-funded universal vitamin D supplementation programme. Public Health Nutr. 2023;26(8):1638-1645.",https://pubmed.ncbi.nlm.nih.gov/37211843/,National cross-sectional,LC-MS/MS
New Zealand,Aged-care,-41.0,174.0,Aged-care residents,588,Autumn,64,nmol/L,64.0,2014,Wham et al. 2023,"Wham C, Gearry R, Youssef M, et al. Vitamin D status and its predictors in New Zealand aged-care residents eligible for a government-funded universal vitamin D supplementation programme. Public Health Nutr. 2023;26(8):1638-1645.",https://pubmed.ncbi.nlm.nih.gov/37211843/,National cross-sectional,LC-MS/MS
Ireland,National (TILDA),53.0,-8.0,Adults 50+,5356,Summer (Jun-Aug),55,nmol/L,55.0,2009-2011,Laird et al. 2018,"Laird E, O'Halloran AM, Carey D, et al. The Prevalence of Vitamin D Deficiency and the Determinants of 25(OH)D Concentration in Older Irish Adults. J Gerontol A Biol Sci Med Sci. 2018;73(4):519-525.",https://pubmed.ncbi.nlm.nih.gov/28958047/,National longitudinal,LC-MS/MS
Ireland,National (TILDA),53.0,-8.0,Adults 50+,5356,Winter (Dec-Feb),38,nmol/L,38.0,2009-2011,Laird et al. 2018,"Laird E, O'Halloran AM, Carey D, et al. The Prevalence of Vitamin D Deficiency and the Determinants of 25(OH)D Concentration in Older Irish Adults. J Gerontol A Biol Sci Med Sci. 2018;73(4):519-525.",https://pubmed.ncbi.nlm.nih.gov/28958047/,National longitudinal,LC-MS/MS
Denmark,Copenhagen,55.7,12.6,Elderly women 70-75,52,Summer,67.3,nmol/L,67.3,2008-2009,Andersen et al. 2013,"Andersen R, Brot C, Jakobsen J, et al. Seasonal changes in vitamin D status among Danish adolescent girls and elderly women. Eur J Clin Nutr. 2013;67(3):270-274.",https://pubmed.ncbi.nlm.nih.gov/23388667/,1-year longitudinal,LC-MS/MS
Denmark,Copenhagen,55.7,12.6,Elderly women 70-75,52,Winter,47.2,nmol/L,47.2,2008-2009,Andersen et al. 2013,"Andersen R, Brot C, Jakobsen J, et al. Seasonal changes in vitamin D status among Danish adolescent girls and elderly women. Eur J Clin Nutr. 2013;67(3):270-274.",https://pubmed.ncbi.nlm.nih.gov/23388667/,1-year longitudinal,LC-MS/MS
Iceland,Reykjavik,64.1,-21.9,Women 70y,308,Summer,58,nmol/L,58.0,2002-2003,Steingrimsdottir et al. 2006,"Steingrimsdottir L, Gunnarsson O, Indridason OS, et al. Vitamin D intake and serum 25-OH-vitamin D concentration in different age groups of Icelandic women. Laeknabladid. 2006;92(6):431-437.",https://pubmed.ncbi.nlm.nih.gov/19439801/,Cross-sectional,RIA
Iceland,Reykjavik,64.1,-21.9,Women 70y,308,Winter,49,nmol/L,49.0,2002-2003,Steingrimsdottir et al. 2006,"Steingrimsdottir L, Gunnarsson O, Indridason OS, et al. Vitamin D intake and serum 25-OH-vitamin D concentration in different age groups of Icelandic women. Laeknabladid. 2006;92(6):431-437.",https://pubmed.ncbi.nlm.nih.gov/19439801/,Cross-sectional,RIA
Iceland,Reykjavik hospitalised,64.1,-21.9,Hospitalised elderly 83y,60,Summer,42,nmol/L,42.0,2007,Ramel et al. 2009,"Ramel A, Jonsson PV, Bjornsson S, Thorsdottir I. Vitamin D deficiency and nutritional status in elderly hospitalized subjects in Iceland. Public Health Nutr. 2009;12(7):1001-1005.",https://pubmed.ncbi.nlm.nih.gov/19144240/,Cross-sectional,RIA
Iceland,Reykjavik hospitalised,64.1,-21.9,Hospitalised elderly 83y,60,Winter,28,nmol/L,28.0,2007,Ramel et al. 2009,"Ramel A, Jonsson PV, Bjornsson S, Thorsdottir I. Vitamin D deficiency and nutritional status in elderly hospitalized subjects in Iceland. Public Health Nutr. 2009;12(7):1001-1005.",https://pubmed.ncbi.nlm.nih.gov/19144240/,Cross-sectional,RIA
France,National (VARIETE),47.0,2.0,Elderly 60-89,312,Apr-Dec,26,ng/mL,64.9,2010-2013,Souberbielle et al. 2016,"Souberbielle JC, Massart C, Brailly-Tabard S, et al. Prevalence and determinants of vitamin D deficiency in healthy French adults: the VARIETE study. Endocrine. 2016;53(2):543-550.",https://pubmed.ncbi.nlm.nih.gov/27106800/,Cross-sectional,CLIA (DiaSorin)
France,National (VARIETE),47.0,2.0,Elderly 60-89,312,Jan-Mar,21,ng/mL,52.4,2010-2013,Souberbielle et al. 2016,"Souberbielle JC, Massart C, Brailly-Tabard S, et al. Prevalence and determinants of vitamin D deficiency in healthy French adults: the VARIETE study. Endocrine. 2016;53(2):543-550.",https://pubmed.ncbi.nlm.nih.gov/27106800/,Cross-sectional,CLIA (DiaSorin)
Russia,Multi-centre,56.0,38.0,Elderly 60+,300,Spring,20,ng/mL,49.9,2018-2020,Suplotova et al. 2021,"Suplotova LA, Avdeeva VA, Pigarova EA, et al. Vitamin D deficiency in Russia: current status and recommendations. Ter Arkh. 2021;93(10):1209-1216.",https://pubmed.ncbi.nlm.nih.gov/36286760/,Multicentre registry,CLIA
Russia,Multi-centre,56.0,38.0,Elderly 60+,300,Autumn,17,ng/mL,42.4,2018-2020,Suplotova et al. 2021,"Suplotova LA, Avdeeva VA, Pigarova EA, et al. Vitamin D deficiency in Russia: current status and recommendations. Ter Arkh. 2021;93(10):1209-1216.",https://pubmed.ncbi.nlm.nih.gov/36286760/,Multicentre registry,CLIA
Turkey,Residential care,40.0,32.9,Elderly men,50,Summer,24.8,ng/mL,61.9,2018,Turkish residential elderly,"Turkish residential elderly vitamin D seasonal study (control group). Unpublished / conference proceedings.",https://pubmed.ncbi.nlm.nih.gov/,Cross-sectional paired,CLIA
Turkey,Residential care,40.0,32.9,Elderly men,50,Winter,20.9,ng/mL,52.2,2018,Turkish residential elderly,"Turkish residential elderly vitamin D seasonal study (control group). Unpublished / conference proceedings.",https://pubmed.ncbi.nlm.nih.gov/,Cross-sectional paired,CLIA
